Sample,04_data,05_trimmed,06_merged,07_split_amplicons,08_chimeras,12_results
12SQU3920171Blank,214,38,33,34,34,24
12SQU3920172Blank,273,72,71,72,72,66
12SQU3920173Blank1,508,150,150,151,151,136
12SQU3920173Blank2,704,153,141,140,140,109
12SQU3920181-Blank,180,79,76,77,77,10
12SQU3920182-Blank,144,39,37,38,38,18
12SQU3920183-Blank,320,97,85,79,79,40
CMIC245,97794,80005,79921,71086,71086,68819
CMIC246,136760,112538,112485,110908,110908,106338
CMIC257,164976,136545,136461,132008,132008,128839
CMIC258,152315,130399,130340,128157,128157,123597
CMIC259,138874,115027,114946,110871,110871,108603
CMIC260,127944,107457,107380,101247,101247,97726
CMIC261,128232,104468,104344,93698,93698,74065
CMIC262,94315,78195,78161,77665,77665,75127
CMIC263,110280,89939,89892,89623,89623,88588
CMIC264,112604,92226,92160,89090,89090,87410
CMIC265,121237,97501,97435,96001,96001,92270
CMIC266,129955,109943,109879,102978,102978,97900
CMIC267,123261,100198,100119,96389,96389,93439
CMIC268,140510,114340,114281,110138,110138,107304
CMIC718,137791,111797,111757,111558,111558,109525
CMIC719,94921,78748,78708,77457,77457,74723
CMIC720,126731,103975,103943,103375,103375,100857
CMIC721,83144,67795,67711,59096,59096,58250
CMIC722,119917,101365,101330,100950,100950,97497
CMIC723,121564,104105,104065,102779,102779,101498
CMIC724,135684,114520,114479,114251,114251,110726
CMIC725,149300,127027,126979,125520,125520,117352
CMIC726,126474,105457,105388,105137,105137,102275
CMIC727,174975,143951,143907,143181,143181,139617
EC-16-01-24,171,22,16,13,13,9
EC-18-01-24,73,25,21,9,9,6
EC-18-10-23,64374,52473,52453,52162,52162,52022
EC-19-01-24,483,444,441,6,6,5
EC-24-01-24,241001,188206,187507,186476,186476,15
EC-25-01-24,325062,264307,264265,263270,263270,262377
EC-29-01-24,540,493,489,11,11,10
EC-30-01-24,565,512,511,11,11,10
Extr-Neg,35057,27230,27009,18,18,15
Fall-EC-05-02-24,6340,5972,5970,5955,5955,1
Fall-EC-06-02-24,71529,67107,67073,66927,66927,0
Fall-EC-08-02-24,9,2,1,2,2,1
Fall-EC-20-02-24,55945,52867,52851,52699,52699,19
Fall-EC-21-02-24,164,93,89,83,83,72
Fall-PCR1-control,70,56,56,57,57,1
Fall-PCR1-control2,185937,175805,175768,175442,175442,56929
FjeDNA001,106295,82580,82523,82382,82382,78707
FjeDNA002,97019,76061,76002,73861,73861,72826
FjeDNA003,90891,69920,69889,69463,69463,68957
FjeDNA004,112129,88588,88548,88372,88372,86977
FjeDNA005,119040,93530,93454,92875,92875,91646
FjeDNA006,93856,74174,74056,69966,69966,69399
FjeDNA007,47425,35226,35128,34767,34767,34594
FjeDNA008,140747,112410,112358,112062,112062,109978
FjeDNA009,87459,71663,71631,71511,71511,70376
FjeDNA010,148763,119889,119851,119487,119487,118511
FjeDNA011,116007,94041,93986,93778,93778,92030
FjeDNA012,91478,72471,72431,71700,71700,70348
FjeDNA013,71166,57527,57485,55177,55177,54716
FjeDNA014,115592,91779,91729,91462,91462,90268
FjeDNA015,2351,693,684,314,314,299
FjeDNA016,112205,89648,89594,88558,88558,87348
FjeDNA017,175250,138824,138710,134942,134942,133985
FjeDNA018,143348,112612,112557,112114,112114,111574
FjeDNA019,139495,107890,107648,107275,107275,105716
FjeDNA020,1920,426,422,386,386,335
FjeDNA021,103157,84605,84578,84250,84250,81736
FjeDNA022,100704,83267,83238,83092,83092,81922
FjeDNA023,104161,82771,82704,82324,82324,76302
FjeDNA024,106061,85614,85472,85222,85222,71457
FjeDNA031,366710,293087,293000,292167,292167,291341
FjeDNA032,128569,101862,101807,100474,100474,90470
FjeDNA033,57632,47595,47564,47389,47389,47096
FjeDNA034,70384,56756,56732,55885,55885,55112
FjeDNA035,243377,200462,200398,199822,199822,197620
FjeDNA036,102164,84736,84682,80652,80652,79485
FjeDNA037,175198,146529,146467,146093,146093,117366
FjeDNA038,61638,49979,49961,49789,49789,49481
FjeDNA039,41465,33629,33589,32899,32899,32699
FjeDNA040,2357,381,379,356,356,138
FjeDNA041,162373,139245,139118,128288,128288,127407
FjeDNA042,88210,72019,71967,68110,68110,64269
FjeDNA043,2094,467,466,362,362,334
FjeDNA044,114051,94555,94465,88284,88284,67976
FjeDNA045,2406,292,289,232,232,35
FjeDNA046,61487,48471,48436,46578,46578,46145
FjeDNA047,153038,118312,118221,117586,117586,487
FjeDNA048,825,264,260,255,255,228
FjeDNA049,11144,6819,6759,2066,2066,273
FjeDNA050,432318,346426,346214,340111,340111,337379
FjeDNA051,43689,35438,35414,35171,35171,34763
FjeDNA052,180876,148423,148360,147549,147549,144225
FjeDNA053,199940,165292,165240,164171,164171,161049
FjeDNA054,136536,110824,110766,108648,108648,107662
FjeDNA055,142705,118752,118721,118109,118109,116875
FjeDNA056,89068,72476,72420,70029,70029,69602
FjeDNA057,87130,72541,72502,71782,71782,64312
FjeDNA058,42482,29782,29757,27851,27851,27569
FjeDNA059,106014,86385,86350,85948,85948,85450
FjeDNA060,138928,109257,109179,105481,105481,2348
FjeDNA061,133800,109546,109488,108509,108509,107750
FjeDNA062,102380,85186,85138,83032,83032,81706
FjeDNA063,69752,56496,56462,54919,54919,54689
FjeDNA064,57802,47436,47403,44497,44497,44304
FjeDNA065,95256,78376,78337,77553,77553,76557
FjeDNA066,99809,82047,82025,81287,81287,78769
FjeDNA067,103686,79143,79002,78617,78617,77859
FjeDNA068,135218,106576,106525,105834,105834,105170
FjeDNA069,84671,65874,65847,65538,65538,49355
FjeDNA070,128717,99219,99168,98575,98575,66857
FjeDNA071,94274,78581,78543,78225,78225,77480
FjeDNA072,142134,115046,114974,112957,112957,111171
FjeDNA073,82534,65167,65089,61767,61767,60972
FjeDNA074,3557,2240,2223,544,544,522
FjeDNA075,118763,93801,93762,93477,93477,92777
FjeDNA076,93513,72570,72525,71283,71283,69678
FjeDNA077,107118,83709,83683,83306,83306,77879
FjeDNA078,68501,54290,54256,54137,54137,53558
FjeDNA079,138046,111415,111343,111119,111119,105092
FjeDNA080,132634,106301,106255,106013,106013,104637
FjeDNA081,82851,70038,70010,67977,67977,66959
FjeDNA082,106917,89223,89176,87357,87357,86333
FjeDNA083,83896,69241,69202,67512,67512,66844
FjeDNA084,389097,325434,325187,312894,312894,307472
FjeDNA085,61169,49238,49207,49078,49078,48555
FjeDNA086,103981,85691,85633,84782,84782,84310
FjeDNA087,24524,18685,18673,17903,17903,17858
FjeDNA088,36724,28950,28931,28684,28684,28571
FjeDNA089,109028,89000,88956,88709,88709,85777
FjeDNA090,104947,85864,85828,85538,85538,85116
FjeDNA091,155098,125210,125140,124523,124523,120993
FjeDNA092,111188,89161,89106,88543,88543,85769
FjeDNA093,1016,265,259,50,50,39
FjeDNA094,48226,38471,38446,37892,37892,36987
FjeDNA095,116508,92463,92397,92154,92154,83974
FjeDNA096,67880,54360,54309,54213,54213,32678
FjeDNA097,77328,60069,59878,57859,57859,57193
FjeDNA098,98308,79261,79212,79025,79025,78280
FjeDNA099,73595,60179,60149,59997,59997,59054
FjeDNA101,139218,114678,114618,114259,114259,111858
FjeDNA102,100263,83136,83114,82794,82794,80613
FjeDNA103,87715,72306,72237,70765,70765,62655
FjeDNA104,122515,99737,99656,99446,99446,98403
FjeDNA105,103865,84806,84753,84620,84620,83567
FjeDNA106,94344,76474,76423,75929,75929,74418
FjeDNA107,157,45,43,44,44,37
FjeDNA108,216,74,74,75,75,61
FjeDNA109,195,56,53,54,54,46
FjeDNA110,130122,107974,107911,107590,107590,64729
FjeDNA111,52717,44093,44072,43992,43992,43100
FjeDNA112,126426,105462,105424,105039,105039,102053
FjeDNA113,114030,92855,92789,92359,92359,90846
FjeDNA114,143239,114481,114398,112916,112916,107268
FjeDNA115,124145,101432,101340,100934,100934,99881
FjeDNA116,181322,147453,147332,146967,146967,143343
FjeDNA118,127854,103478,103436,103253,103253,95777
FjeDNA119,110677,90054,90029,89856,89856,88231
FjeDNA131,114625,93775,93734,93297,93297,91268
FjeDNA132,132369,110806,110763,110073,110073,108054
FjeDNA133,121411,100451,100335,99918,99918,92015
FjeDNA134,394187,324979,324863,321807,321807,317169
FjeDNA135,67546,55932,55846,54465,54465,53607
FjeDNA136,163061,133848,133753,133524,133524,131246
FjeDNA137,155093,123936,123781,123479,123479,121662
FjeDNA138,391935,326267,326195,325651,325651,324586
FjeDNA139,135309,111105,111079,110909,110909,110333
FjeDNA140,159794,130516,130450,130154,130154,125532
FjeDNA141,29183,24292,24287,24256,24256,24123
FjeDNA142,89042,74124,74092,73769,73769,73136
FjeDNA143,125612,102356,102227,100598,100598,98441
FjeDNA144,90935,73631,73520,71946,71946,71054
FjeDNA145,147562,121799,121745,120823,120823,117419
FjeDNA146,87077,71588,71569,71411,71411,70104
FjeDNA147,4107,3341,3320,1503,1503,1484
FjeDNA148,248,73,72,71,71,55
FjeDNA149,208016,172571,172511,172224,172224,170295
FjeDNA150,280254,235340,235274,234687,234687,231048
FjeDNA151,37007,30483,30470,29835,29835,29373
FjeDNA152,225944,187009,186915,185843,185843,182432
FjeDNA153,101189,81625,81595,81449,81449,80670
FjeDNA154,80739,65223,65149,61988,61988,61601
FjeDNA155,111257,91715,91680,90925,90925,89828
FjeDNA156,122002,100773,100735,100588,100588,99931
FjeDNA157,132183,107597,107565,107207,107207,106719
FjeDNA158,112900,94635,94592,94150,94150,92953
FjeDNA160,149497,124118,124080,123890,123890,123076
FjeDNA171,939,384,378,334,334,266
FjeDNA172,243601,197651,197532,197003,197003,96581
FjeDNA173,8642,6956,6948,6021,6021,5938
FjeDNA174,179864,148199,148092,140871,140871,29852
FjeDNA175,256203,215066,214868,212097,212097,344
FjeDNA176,5926,5034,5033,5020,5020,4644
FjeDNA177,87321,68590,68552,68235,68235,58442
FjeDNA178,16215,12999,12979,12588,12588,12417
FjeDNA179,330545,267193,267009,266524,266524,42694
FjeDNA180,6172,5132,5125,4964,4964,4658
FjeDNA181,236530,186463,186389,186010,186010,180959
FjeDNA182,149329,123415,123370,122642,122642,122309
FjeDNA183,10919,8488,8477,6961,6961,6171
FjeDNA184,118244,95780,95734,94202,94202,6092
FjeDNA185,30205,23575,23554,23412,23412,23211
FjeDNA186,215659,177740,177506,176827,176827,77131
FjeDNA187,124403,100659,100574,97196,97196,22894
FjeDNA188,241847,201056,200938,198840,198840,182282
FjeDNA189,62340,49597,49565,49360,49360,15683
FjeDNA190,189287,157984,157912,157346,157346,119908
FjeDNA191,290196,238545,238392,237249,237249,163638
FjeDNA192,6271,5346,5345,5078,5078,4626
FjeDNA193,187223,155930,155822,155084,155084,153874
FjeDNA194,8038,6787,6781,6521,6521,6132
FjeDNA195,108753,87526,87458,84947,84947,15804
FjeDNA196,80544,65184,65127,64377,64377,1242
FjeDNA197,10256,8490,8484,8217,8217,6109
FjeDNA198,164839,119441,119339,116035,116035,101985
FjeDNA199,164940,134110,133948,133702,133702,131709
FjeDNA200,251279,213502,213376,213015,213015,32644
FjeDNA201,97352,77776,77698,72042,72042,71737
FjeDNA202,32764,25388,25364,23978,23978,23899
FjeDNA203,103162,82583,82513,80575,80575,38679
FjeDNA204,88756,74945,74866,73288,73288,763
FjeDNA205,19973,16238,16218,14029,14029,9353
FjeDNA206,43386,35335,35326,32325,32325,31946
FjeDNA207,14363,11897,11886,9577,9577,8823
FjeDNA208,336381,283085,282976,282217,282217,281182
FjeDNA209,242002,204438,204248,203033,203033,201458
FjeDNA210,217717,179969,179815,178840,178840,172626
FjeDNA211,41453,33987,33955,32515,32515,30200
FjeDNA212,54903,44733,44697,43749,43749,33200
FjeDNA213,206520,160923,160841,159171,159171,158138
FjeDNA214,59178,48304,48279,46927,46927,42173
FjeDNA215,110747,91154,91092,89698,89698,87994
FjeDNA216,66295,53600,53584,53252,53252,53150
FjeDNA217,132578,107507,107441,106731,106731,76164
FjeDNA218,190025,152564,152451,152026,152026,42052
FjeDNA219,35684,27513,27490,26051,26051,22861
FjeDNA220,24801,19509,19498,19328,19328,16643
FjeDNA221,12676,10250,10242,10233,10233,49
FjeDNA222,26860,21516,21507,21464,21464,16423
FjeDNA223,6674,5098,5095,5088,5088,5039
FjeDNA224,468,258,257,258,258,229
FjeDNA225,134070,105213,105154,104598,104598,104464
FjeDNA226,74893,58317,58279,58171,58171,58090
FjeDNA227,11300,9817,9813,9404,9404,8746
FjeDNA228,702,605,605,596,596,479
FjeDNA229,4843,4240,4239,4198,4198,3677
FjeDNA230,797,675,675,676,676,664
FjeDNA231,5445,4697,4695,4588,4588,4160
FjeDNA232,6253,5446,5446,5343,5343,4686
FjeDNA233,6320,5527,5524,5292,5292,5046
FjeDNA234,6504,5600,5598,5258,5258,4822
FjeDNA235,211965,172584,172467,171893,171893,171166
FjeDNA236,218254,178641,178532,178007,178007,177126
FjeDNA237,108160,88407,88346,86721,86721,5992
FjeDNA238,91737,75508,75479,74647,74647,74208
FjeDNA239,8269,6961,6945,5286,5286,5082
FjeDNA240,114250,96728,96681,96517,96517,96188
FjeDNA241,7273,6001,5999,5875,5875,5532
FjeDNA242,5992,5013,5010,4919,4919,4672
FjeDNA243,112984,88273,88219,87777,87777,87355
FjeDNA244,129438,103143,103079,102376,102376,43072
FjeDNA245,21875,18197,18188,16224,16224,16002
FjeDNA246,54235,43609,43596,43148,43148,41349
FjeDNA247,111618,91210,91170,90738,90738,90012
FjeDNA248,207583,174043,173967,173704,173704,166551
FjeDNA249,1902,1357,1354,473,473,458
FjeDNA250,145242,115566,115502,115170,115170,113675
FjeDNA251,5467,4704,4700,4577,4577,4470
FjeDNA252,9869,8398,8381,6717,6717,6634
FjeDNA253,68586,54744,54716,53957,53957,49805
FjeDNA254,168971,142245,142170,141761,141761,140731
FjeDNA255,21294,17174,17152,16284,16284,15238
FjeDNA256,11360,9905,9888,6736,6736,5784
FjeDNA257,9968,8541,8518,6153,6153,5949
FjeDNA258,3262,2544,2537,1894,1894,1879
FjeDNA259,33805,27811,27795,27741,27741,6260
FjeDNA260,217731,178691,178557,178085,178085,173709
FjeDNA261,7782,6746,6736,6374,6374,5385
FjeDNA262,737,378,377,377,377,365
FjeDNA263,51340,44238,44197,43878,43878,6268
FjeDNA264,48450,39838,39818,37367,37367,37172
FjeDNA265,26960,22414,22394,21176,21176,6368
FjeDNA266,64026,51138,51102,50142,50142,763
FjeDNA267,207564,170439,170317,169342,169342,29906
FjeDNA268,6782,5996,5992,5816,5816,5580
FjeDNA269,65830,54103,54074,53748,53748,4922
FjeDNA270,9086,7744,7722,4820,4820,4709
FjeDNA271,8402,7165,7156,5326,5326,4577
FjeDNA272,8802,7569,7555,6414,6414,6279
FjeDNA273,78199,63941,63860,61904,61904,1668
FjeDNA274,55598,45276,45247,44628,44628,44418
FjeDNA275,4293,3645,3645,3627,3627,3476
FjeDNA276,8023,6973,6969,6950,6950,4238
FjeDNA277,150126,124575,124524,123483,123483,101884
FjeDNA278,202515,163689,163603,162327,162327,161530
FjeDNA279,215528,181205,181094,180489,180489,116725
FjeDNA280,130563,106543,106486,98946,98946,80199
FjeDNA281,108702,85612,85553,84018,84018,83795
FjeDNA282,84319,69496,69457,68407,68407,65485
FjeDNA283,175459,139292,139212,138444,138444,135710
FjeDNA284,71723,59513,59480,57834,57834,48251
FjeDNA285,77136,63095,63065,61535,61535,31896
FjeDNA286,95919,77193,77149,76351,76351,70735
FjeDNA287,38501,32295,32277,32090,32090,4170
FjeDNA288,42042,34179,34163,33930,33930,33545
FjeDNA289,39485,32411,32392,32183,32183,31633
FjeDNA290,121505,100730,100675,100456,100456,99962
FjeDNA291,81292,67210,67172,65289,65289,55112
FjeDNA292,90181,74134,74114,73867,73867,72073
FjeDNA293,32604,27336,27319,25893,25893,25694
FjeDNA294,60817,49820,49779,49433,49433,49184
FjeDNA295,87447,72326,72282,72101,72101,71501
FjeDNA296,115522,94740,94688,93927,93927,59253
FjeDNA297,10356,9196,9191,9177,9177,8318
FjeDNA298,44224,36019,35994,35279,35279,35146
FjeDNA299,6727,5783,5774,4704,4704,4627
FjeDNA300,7010,6160,6153,5482,5482,5058
FjeDNA301,264044,216003,215902,214351,214351,205807
FjeDNA302,238992,192538,192437,192036,192036,178795
FjeDNA303,103131,82954,82884,82193,82193,49394
FjeDNA304,143465,113915,113850,112983,112983,68461
FjeDNA305,30562,24823,24804,24720,24720,7269
FjeDNA306,13509,11057,11049,10408,10408,5282
FjeDNA307,44876,36122,36106,34500,34500,27473
FjeDNA308,120388,99116,99063,97819,97819,96132
FjeDNA309,6989,6049,6048,5820,5820,5397
FjeDNA310,1345,1064,1062,1014,1014,603
FjeDNA311,224212,178669,178628,178372,178372,171015
FjeDNA312,247650,198085,198019,197590,197590,196401
FjeDNA313,62408,49863,49828,48596,48596,16583
FjeDNA314,35317,28101,28080,27436,27436,12198
FjeDNA315,36246,29399,29378,28047,28047,3055
FjeDNA316,66401,55356,55325,54171,54171,24623
FjeDNA317,59927,51229,51198,49499,49499,3535
FjeDNA318,20532,17309,17297,17227,17227,17045
FjeDNA319,116421,97830,97783,97023,97023,89161
FjeDNA320,205240,171734,171590,171290,171290,170507
FjeDNA321,171569,136614,136521,136139,136139,120772
FjeDNA322,186912,148850,148799,148453,148453,142395
FjeDNA323,131604,104283,104220,102780,102780,50548
FjeDNA324,67908,55529,55493,53775,53775,26098
FjeDNA325,104426,87843,87788,87022,87022,68927
FjeDNA326,28595,23492,23477,21938,21938,21512
FjeDNA327,36951,30347,30328,29464,29464,8200
FjeDNA328,174189,141550,141455,140689,140689,81171
FjeDNA329,18415,14671,14657,14105,14105,14061
FjeDNA330,142729,118558,118476,116568,116568,115666
FjeDNA331,5508,4714,4707,4481,4481,3876
FjeDNA332,44416,41519,41508,41291,41291,40436
FjeDNA333,53488,49837,49830,49649,49649,48385
FjeDNA334,58554,54374,54364,54193,54193,53259
FjeDNA335,49782,45501,45492,45371,45371,45014
FjeDNA336,37723,35115,35109,34970,34970,34929
FjeDNA337,34416,31260,31249,31187,31187,31140
FjeDNA338,77726,72766,72739,72515,72515,34585
FjeDNA339,68143,63454,63433,63167,63167,46935
FjeDNA340,16292,15177,15174,15129,15129,10213
FjeDNA341,23362,21860,21851,21808,21808,20482
FjeDNA342,22425,21108,21105,21057,21057,21029
FjeDNA343,36030,33525,33519,33414,33414,32427
FjeDNA344,36895,34555,34550,34477,34477,34220
FjeDNA345,56039,51400,51383,51271,51271,47444
FjeDNA346,15173,14402,14397,14366,14366,14347
FjeDNA347,29026,27221,27214,27106,27106,27032
FjeDNA348,38845,36478,36472,36389,36389,36301
FjeDNA349,60011,56525,56514,56384,56384,51647
FjeDNA350,86,31,31,32,32,26
FjeDNA351,52321,48716,48710,48586,48586,39152
FjeDNA352,53314,50347,50338,50191,50191,49321
FjeDNA353,61605,57367,57350,57166,57166,56105
FjeDNA354,61553,57941,57924,57787,57787,56799
FjeDNA355,42450,39698,39682,39554,39554,37764
FjeDNA356,56620,52695,52663,52534,52534,52180
FjeDNA357,47124,43511,43496,43341,43341,43192
FjeDNA358,44999,41952,41943,41851,41851,41439
FjeDNA359,48672,45405,45391,45251,45251,43590
FjeDNA360,62,50,49,44,44,42
FjeDNA361,82801,76871,76842,76663,76663,46391
FjeDNA362,63447,59733,59719,59552,59552,59185
FjeDNA363,181,108,103,100,100,98
FjeDNA364,39147,36666,36648,36567,36567,36403
FjeDNA365,67266,63391,63365,63203,63203,62873
FjeDNA366,25864,24391,24385,24318,24318,24247
FjeDNA367,19614,17893,17883,17778,17778,17769
FjeDNA368,63190,59633,59625,59468,59468,59392
FjeDNA369,65852,61468,61443,61246,61246,60979
FjeDNA370,4252,3970,3968,3924,3924,3910
FjeDNA371,8588,8013,8007,7989,7989,7965
FjeDNA372,51457,48425,48401,48293,48293,47940
FjeDNA373,34381,32340,32326,32248,32248,32192
FjeDNA374,50133,47481,47470,47304,47304,45324
FjeDNA375,49589,46299,46290,46126,46126,44733
FjeDNA376,13335,12380,12379,12327,12327,12312
FjeDNA377,15645,14492,14490,14430,14430,14368
FjeDNA378,45,19,18,12,12,9
FjeDNA379,42038,39582,39565,39431,39431,39332
FjeDNA380,81,27,26,23,23,17
FjeDNA381,29313,26930,26829,26773,26773,26662
FjeDNA382,52991,49877,49867,49705,49705,45705
FjeDNA383,53139,49079,49050,48888,48888,48086
FjeDNA384,41356,39194,39185,39040,39040,38919
FjeDNA385,39874,36522,36508,36331,36331,35738
FjeDNA386,153,99,97,51,51,48
FjeDNA387,49919,45408,45260,45150,45150,35161
FjeDNA388,43,8,8,9,9,5
FjeDNA389,45121,41726,41707,41554,41554,28372
FjeDNA390,26935,25521,25514,25460,25460,3476
FjeDNA391,108,77,75,76,76,59
FjeDNA392,84,76,75,75,75,74
FjeDNA393,142,95,95,96,96,91
FjeDNA394,71054,66374,66363,66170,66170,63038
FjeDNA395,140,100,95,83,83,82
FjeDNA396,12228,11530,11527,11505,11505,11495
FjeDNA397,66,44,44,13,13,11
FjeDNA398,27499,25852,25847,25781,25781,25741
FjeDNA399,45004,42034,42025,41922,41922,41746
FjeDNA400,14769,13857,13855,13825,13825,13803
FjeDNA401,21264,19733,19729,19699,19699,6532
FjeDNA402,41028,38859,38854,38783,38783,38674
FjeDNA404,80,61,60,59,59,58
FjeDNA406,3975,3036,2986,29,29,24
FjeDNA407,444,118,113,90,90,84
FjeDNA411,154905,128718,128699,128407,128407,127492
FjeDNA412,143065,116402,116380,116088,116088,114502
FjeDNA413,7722,5928,5921,5903,5903,5885
FjeDNA414,128213,98883,98826,98561,98561,97425
FjeDNA415,24895,19787,19718,16136,16136,16104
FjeDNA416,164988,131214,131143,130716,130716,130265
FjeDNA417,98078,81772,81627,81191,81191,11
FjeDNA418,16366,13428,13423,13387,13387,13217
FjeDNA419,79814,66842,66831,66689,66689,66485
FjeDNA420,85171,71394,71363,71168,71168,48588
FjeDNA421,79119,64896,64865,64708,64708,63763
FjeDNA422,369,113,108,95,95,91
FjeDNA423,153076,126028,125971,124538,124538,123700
FjeDNA424,67933,51503,51419,48179,48179,48094
FjeDNA425,81,37,33,21,21,6
FjeDNA426,100795,81660,81643,81169,81169,81027
FjeDNA427,187,79,77,37,37,26
FjeDNA428,717,474,473,56,56,39
FjeDNA429,183456,153430,153368,152959,152959,151979
FjeDNA430,137991,113682,113635,113287,113287,97291
FjeDNA431,505,398,394,21,21,19
FjeDNA432,136043,107158,107112,106508,106508,104921
FjeDNA433,177175,138000,137918,137575,137575,137099
FjeDNA434,4234,3123,3070,75,75,59
FjeDNA435,147626,120634,120612,120018,120018,119562
FjeDNA436,90021,73885,73866,73302,73302,73046
FjeDNA437,81034,60185,60141,59653,59653,59287
FjeDNA438,166412,138311,138263,137390,137390,136845
FjeDNA439,108273,88011,87973,87137,87137,86651
FjeDNA440,173422,139289,139237,138851,138851,137436
FjeDNA441,749,678,675,15,15,6
FjeDNA442,163397,135838,135795,135455,135455,134537
FjeDNA443,769,665,656,152,152,150
FjeDNA444,160,76,72,52,52,50
FjeDNA445,63303,51506,51501,51332,51332,51028
FjeDNA446,1166,892,868,193,193,25
FjeDNA447,5037,3983,3889,21,21,19
FjeDNA448,89010,73070,73048,72428,72428,72202
FjeDNA449,78319,67080,66906,66722,66722,18
FjeDNA450,93959,78824,78801,78175,78175,77614
FjeDNA451,124555,103016,102989,102251,102251,101267
FjeDNA452,61682,50476,50462,50315,50315,50089
FjeDNA453,78306,65616,65601,65440,65440,65032
FjeDNA454,433,158,153,65,65,43
FjeDNA455,269,138,134,17,17,14
FjeDNA456,110813,92008,91979,91507,91507,90254
FjeDNA457,1008,507,499,54,54,28
FjeDNA458,1153,632,621,165,165,62
FjeDNA459,76720,64785,64751,63768,63768,63117
FjeDNA460,144936,116841,116752,116443,116443,115535
FjeDNA461,162075,136397,136342,135065,135065,133547
FjeDNA462,155341,123914,123773,123005,123005,122600
FjeDNA463,68410,55607,55564,54664,54664,54060
FjeDNA464,852,180,168,148,148,105
FjeDNA465,188,30,28,22,22,17
FjeDNA465b,46675,42884,42870,42627,42627,23104
FjeDNA466,5334,3929,3851,91,91,78
FjeDNA467,149228,120197,120132,119523,119523,119263
FjeDNA468,180887,148664,148595,148235,148235,105528
FjeDNA468b,123840,113106,113065,112810,112810,111843
FjeDNA469,184708,150379,150325,149974,149974,149288
FjeDNA470,152845,121761,121727,121385,121385,120155
FjeDNA471,196584,161749,161612,161173,161173,130237
FjeDNA472,173985,139444,139349,137856,137856,136559
FjeDNA473,184,97,95,82,82,77
FjeDNA474,702,447,444,92,92,73
FjeDNA475,489,365,351,27,27,19
FjeDNA476,196599,165427,165222,164484,164484,54480
FjeDNA477,177215,146372,146328,145693,145693,140107
FjeDNA478,556,328,317,37,37,24
FjeDNA479,150744,125830,125768,124666,124666,120357
FjeDNA480,134482,111168,111141,110550,110550,109873
FjeDNA481,86374,70116,70094,69921,69921,69676
FjeDNA481b,146644,137027,136979,136649,136649,58564
FjeDNA482,172558,138751,138735,138312,138312,137163
FjeDNA483,190733,159315,159278,158586,158586,156686
FjeDNA484,1487,1135,1116,44,44,35
FjeDNA485,1186,879,872,864,864,859
FjeDNA486,160631,126513,126489,125933,125933,125566
FjeDNA487,72130,59535,59494,59344,59344,58562
FjeDNA488,98043,76588,76510,76279,76279,76030
FjeDNA489,89675,71274,71192,70137,70137,64193
FjeDNA490,86629,69435,69353,68322,68322,68031
FjeDNA491,115506,96673,96646,96180,96180,95710
FjeDNA492,113444,93868,93846,93650,93650,93304
FjeDNA493,62782,51640,51613,50996,50996,50484
FjeDNA494,108310,87606,87487,86385,86385,42502
FjeDNA495,93294,73139,73109,72106,72106,71988
FjeDNA496,4450,3200,3108,95,95,85
FjeDNA497,747,559,548,4,4,3
FjeDNA498,5531,4458,4353,22,22,18
FjeDNA499,224,153,151,15,15,4
FjeDNA500,147194,125022,124856,124456,124456,4
FjeDNA501,74358,61033,60979,58744,58744,58514
FjeDNA502,937,778,775,11,11,10
FjeDNA503,107811,86156,86101,84871,84871,84358
FjeDNA504,111458,90186,90146,89362,89362,88650
FjeDNA505,89,58,57,23,23,20
FjeDNA506,76,22,22,22,22,19
FjeDNA507,77510,64110,64065,61700,61700,60985
FjeDNA508,1346,1087,1071,22,22,19
FjeDNA509,4258,3379,3313,20,20,16
FjeDNA510,618,534,531,10,10,8
FjeDNA511,272,239,239,9,9,8
FjeDNA512,428,380,378,11,11,10
FjeDNA513,111350,87961,87938,87456,87456,87337
FjeDNA514,5153,4215,4114,16,16,15
FjeDNA515,95779,81707,81570,80451,80451,14
FjeDNA516,4991,4059,3975,6,6,4
FjeDNA517,12628,9895,9811,7134,7134,7082
FjeDNA518,77892,64357,64305,62645,62645,61943
FjeDNA519,88881,72795,72765,72115,72115,68371
FjeDNA520,101094,85324,85296,84711,84711,83991
FjeDNA521,1820,1502,1482,27,27,14
FjeDNA522,117798,92326,92305,92079,92079,91944
FjeDNA523,101046,80844,80765,80321,80321,42841
FjeDNA524,83,34,34,20,20,18
FjeDNA525,56009,46633,46560,44159,44159,43572
FjeDNA526,97,65,63,19,19,15
FjeDNA527,4261,3255,3178,10,10,6
FjeDNA528,96890,80332,80294,79480,79480,78601
FjeDNA529,140070,116202,116165,115570,115570,114518
FjeDNA530,1667,1328,1327,1253,1253,1250
FjeDNA531,84684,69355,69265,66796,66796,61359
FjeDNA532,64936,54583,54480,51720,51720,51154
FjeDNA533,553,405,398,25,25,18
FjeDNA534,112438,94005,93966,93288,93288,90802
FjeDNA535,74231,61084,61032,59392,59392,58610
FjeDNA536,588,481,478,31,31,25
FjeDNA537,97955,80946,80885,79992,79992,79770
FjeDNA538,58,23,21,15,15,7
FjeDNA539,125609,102505,102477,101865,101865,101428
FjeDNA540,83391,68175,68107,65635,65635,65368
FjeDNA541,50290,40965,40858,38272,38272,25971
FjeDNA542,561,472,470,14,14,10
FjeDNA543,510,418,415,12,12,9
FjeDNA544,104040,84320,84302,84061,84061,83800
FjeDNA545,326,205,203,169,169,167
FjeDNA546,122422,101164,101111,100855,100855,85548
FjeDNA547,167,69,68,22,22,13
FjeDNA548,78703,61536,61486,59638,59638,59417
FjeDNA549,103855,82645,82626,82041,82041,81848
FjeDNA550,47867,38603,38560,35799,35799,35694
FjeDNA551,5032,4102,4035,27,27,24
FjeDNA552,74046,62555,62541,62001,62001,61425
FjeDNA553,113072,88319,88297,87727,87727,87387
FjeDNA554,109592,85978,85951,85609,85609,85495
FjeDNA555,111511,88565,88286,87268,87268,19915
FjeDNA556,8274,6525,6423,2186,2186,2165
FjeDNA557,97579,75728,75641,74448,74448,61821
FjeDNA558,94907,77596,77577,77056,77056,76915
FjeDNA559,77284,64202,64165,62544,62544,62233
FjeDNA560,122048,96142,96114,95594,95594,95108
FjeDNA561,110452,88255,88232,87424,87424,86619
FjeDNA562,248,164,160,7,7,5
FjeDNA563,143306,122917,122744,122010,122010,19
FjeDNA564,104497,89741,89600,88422,88422,6
FjeDNA565,73544,61736,61552,59656,59656,352
FjeDNA566,101887,84729,84573,83884,83884,29012
FjeDNA567,110909,89192,89176,88571,88571,87982
FjeDNA568,175,65,65,34,34,24
FjeDNA569,550,377,374,24,24,20
FjeDNA570,114037,91347,91277,90967,90967,90395
FjeDNA571,95880,76130,75398,69446,69446,69272
FjeDNA572,147493,118853,118804,117810,117810,117602
FjeDNA573,98667,76541,76516,76037,76037,74319
FjeDNA574,132351,102108,102052,101755,101755,8578
FjeDNA575,541,438,432,32,32,23
FjeDNA576,97294,78440,78416,78187,78187,77468
FjeDNA577,561,401,401,42,42,34
FjeDNA578,103,58,58,16,16,14
FjeDNA580,30853,28546,28535,28466,28466,28304
FjeDNA581,38957,36081,36070,35846,35846,22672
FjeDNA582,33990,31657,31639,31246,31246,31197
FjeDNA583,32876,29862,29850,29759,29759,29742
FjeDNA584,63,39,37,7,7,6
FjeDNA585,79941,73460,73443,73264,73264,44683
FjeDNA586,57694,53159,53148,52868,52868,40347
FjeDNA587,27481,25572,25563,25482,25482,25441
FjeDNA588,57638,52806,52782,52655,52655,43730
FjeDNA589,96198,89923,89879,89617,89617,89328
FjeDNA590,152083,142943,142918,142581,142581,139984
FjeDNA591,144650,135373,135338,135022,135022,134047
FjeDNA592,3259,3008,3005,2876,2876,2874
FjeDNA593,86488,79092,79064,78731,78731,74080
FjeDNA594,110362,102681,102635,102373,102373,101954
FjeDNA595,65196,59461,59439,59254,59254,59219
FjeDNA596,98876,90094,89989,89566,89566,73864
FjeDNA597,4386,3855,3815,3684,3684,3631
FjeDNA599,35610,32691,32656,31971,31971,31857
FjeDNA600,680,242,125,79,79,72
FjeDNA601,315,121,97,38,38,15
FjeDNA602,126694,118707,118644,118224,118224,115433
FjeDNA603,130173,120524,120461,119742,119742,98265
FjeDNA604,26839,24749,24706,23871,23871,23820
FjeDNA605,107289,99828,99799,99402,99402,31635
FjeDNA606,241,123,97,22,22,15
FjeDNA607,70477,64910,64870,64641,64641,64369
FjeDNA608,75092,69120,69073,68862,68862,59041
FjeDNA609,340,237,224,73,73,59
FjeDNA610,102003,96434,96401,96042,96042,94559
FjeDNA611,107713,101231,101200,100799,100799,99097
FjeDNA612,35829,32510,32494,31808,31808,12551
FjeDNA613,26655,24764,24733,23585,23585,23530
FjeDNA614,98597,91484,91436,91116,91116,68861
FjeDNA615,73737,68017,67975,67615,67615,50527
FjeDNA616,93614,85184,85026,84668,84668,31958
FjeDNA617,274121,257087,257022,256376,256376,6
FjeDNA618,937,794,777,60,60,48
FjeDNA619,684,515,509,72,72,38
FjeDNA620,130602,121401,121328,121037,121037,118473
FjeDNA621,79370,74045,73982,73587,73587,70185
FjeDNA622,67977,62858,62813,62547,62547,45635
FjeDNA623,72255,67412,67312,66794,66794,66078
FjeDNA624,72831,68663,68629,68360,68360,68139
FjeDNA625,54694,50298,50244,49846,49846,49782
FjeDNA626,74230,69797,69760,69253,69253,55213
FjeDNA627,95108,88497,88440,87857,87857,60629
FjeDNA629,622,181,174,68,68,58
FjeDNA630,118943,109626,109580,109134,109134,101251
FjeDNA631,91981,85735,85707,85277,85277,81500
FjeDNA632,90235,84215,84199,83813,83813,67026
FjeDNA633,101875,94853,94785,94372,94372,70334
FjeDNA634,93197,85913,85862,85516,85516,77297
FjeDNA635,115825,110216,110161,109804,109804,26775
FjeDNA636,97123,89425,89349,89008,89008,26174
FjeDNA637,80330,74431,74401,74072,74072,73784
FjeDNA638,71475,64990,64965,64514,64514,64114
FjeDNA639,108716,101159,101128,100801,100801,54171
FjeDNA640,93024,86335,86289,85969,85969,81758
FjeDNA641,107081,99843,99809,99439,99439,92720
FjeDNA642,53791,49839,49808,49054,49054,48586
FjeDNA643,81177,75713,75669,75094,75094,37992
FjeDNA644,77134,72236,72191,71498,71498,48144
FjeDNA646,114301,107083,107043,106474,106474,105862
FjeDNA647,123962,115381,115300,114881,114881,63150
FjeDNA649,90515,83953,83889,83536,83536,82948
FjeDNA650,58575,54383,54363,54129,54129,53417
FjeDNA651,118572,110977,110927,110549,110549,102259
FjeDNA652,103635,97497,97445,96956,96956,44637
FjeDNA653,99893,93121,93090,92718,92718,81776
FjeDNA655,62578,58328,58296,57786,57786,57531
FjeDNA656,98114,91620,91563,91184,91184,90831
FjeDNA657,71871,66650,66627,66443,66443,16772
FjeDNA658,152733,142881,142836,142514,142514,141122
FjeDNA659,61230,57184,57165,56765,56765,56514
FjeDNA660,133031,123621,123587,123307,123307,112191
FjeDNA661,35141,32972,32959,32885,32885,30678
FjeDNA662,86080,80719,80696,80238,80238,64606
FjeDNA663,118982,109623,109606,109315,109315,108846
FjeDNA664,95352,87873,87843,87466,87466,87024
FjeDNA665,50335,45400,45376,44830,44830,44748
FjeDNA666,596,460,459,77,77,33
FjeDNA667,72428,66772,66754,66461,66461,66148
FjeDNA668,141662,131580,131512,131217,131217,107746
FjeDNA669,54841,50590,50570,50400,50400,40708
FjeDNA670,132,73,72,73,73,65
FjeDNA671,27521,24740,24731,24671,24671,24599
Neg-PCR,85849,64717,64557,47204,47204,44098
PCR1control,168,38,36,8,8,5
PCR1control2,731,683,681,9,9,8
QMIC1955-12S,640,406,405,375,375,345
QMIC1956-12S,107988,93978,93941,93780,93780,92711
QMIC1957-12S,45739,40402,40389,40329,40329,38771
QMIC1958-12S,50329,43175,43156,42737,42737,41914
QMIC1959-12S,57899,50955,50928,49942,49942,49431
QMIC1965-12S,53686,46228,46206,46127,46127,41837
QMIC1966-12S,75693,66272,66245,66105,66105,65305
QMIC1967-12S,74218,64536,64503,64379,64379,63925
QMIC1968-12S,101108,85910,85867,85650,85650,83047
QMIC1969-12S,72468,61934,61907,61785,61785,61184
QMIC1975-12S,66256,57582,57563,57417,57417,56675
QMIC1976-12S,50919,44219,44196,44059,44059,41387
QMIC1977-12S,20544,18087,18080,18041,18041,17904
QMIC1978-12S,40396,34751,34723,34660,34660,34200
QMIC1979-12S,28907,24879,24869,24794,24794,24070
QMIC1985-12S,182354,158410,158346,158051,158051,143477
QMIC1986-12S,88636,77403,77382,77230,77230,75227
QMIC1987-12S,112103,99288,99246,98884,98884,97107
QMIC1988-12S,96496,85279,85247,84985,84985,84173
QMIC1989-12S,92155,80659,80628,80443,80443,78427
QMIC1995-12S,98219,86345,86306,86136,86136,83940
QMIC1996-12S,115764,100380,100342,100112,100112,90573
QMIC1997-12S,111102,97731,97691,97275,97275,93366
QMIC1998-12S,124604,107763,107669,106987,106987,68729
QMIC1999-12S,66996,57658,57624,57520,57520,56066
QMIC2005-12S,108125,92433,92368,91529,91529,90790
QMIC2006-12S,73926,62814,62794,62689,62689,62123
QMIC2007-12S,100677,85902,85851,85720,85720,85465
QMIC2008-12S,86194,69744,69718,68954,68954,67860
QMIC2009-12S,224066,190111,190012,189687,189687,187150
QMIC2015-12S,205220,177508,177436,176795,176795,174437
QMIC2016-12S,153642,131758,131643,130929,130929,128740
QMIC2017-12S,54835,47296,47266,47089,47089,46889
QMIC2018-12S,42686,36972,36937,36727,36727,36572
QMIC2019-12S,99492,87143,87113,86970,86970,85856
QMIC2025-12S,77423,67388,67356,67098,67098,66108
QMIC2026-12S,1092,885,882,552,552,546
QMIC2027-12S,38158,33035,33018,32777,32777,32569
QMIC2028-12S,35773,31312,31307,31223,31223,31012
QMIC2029-12S,61008,52083,52040,51892,51892,51178
QMIC2035-12S,66725,57152,57135,57009,57009,55587
QMIC2036-12S,102956,88261,88235,88104,88104,87565
QMIC2037-12S,93309,81046,81025,80841,80841,80581
QMIC2038-12S,79685,68520,68487,68232,68232,66510
QMIC2039-12S,88518,76905,76873,76677,76677,76178
QMIC2045-12S,94747,80634,80607,80334,80334,79389
QMIC2046-12S,47974,41644,41631,41550,41550,41236
QMIC2047-12S,889,583,577,504,504,402
QMIC2048-12S,85849,72572,72370,72225,72225,71615
QMIC2049-12S,85870,71772,71556,71458,71458,71018
QMIC2055-12S,906,721,715,547,547,511
QMIC2056-12S,577,388,385,372,372,352
QMIC2057-12S,10256,8777,8772,8354,8354,8273
QMIC2058-12S,83087,70623,70571,70336,70336,64657
QMIC2059-12S,82972,71769,71733,71615,71615,71232
QMIC2065-12S,23702,19765,19705,19640,19640,18738
QMIC2066-12S,82933,70460,70426,70219,70219,69833
QMIC2067-12S,91639,77927,77881,77722,77722,77596
QMIC2068-12S,193187,168168,168116,167843,167843,166354
QMIC2069-12S,209348,178686,178614,178347,178347,177386
QMIC2075-12S,201624,174040,173985,173762,173762,170697
QMIC2076-12S,140990,120123,120069,119887,119887,117591
QMIC2077-12S,141474,122913,122869,122558,122558,121611
QMIC2078-12S,120274,102435,102370,102156,102156,98189
QMIC2079-12S,60238,52204,52178,52091,52091,48098
QMIC2085-12S,87614,75301,75264,75139,75139,74633
QMIC2086-12S,86495,76013,75992,75904,75904,75031
QMIC2087-12S,94683,81643,81608,81205,81205,80239
QMIC2088-12S,118921,104615,104576,104320,104320,77400
QMIC2089-12S,73204,63426,63391,63055,63055,59855
QMIC2095-12S,70910,62032,62004,61849,61849,61507
QMIC2096-12S,94296,81802,81767,81576,81576,81180
QMIC2097-12S,69478,60441,60424,60260,60260,59970
QMIC2098-12S,85042,74017,73995,73871,73871,73049
QMIC2099-12S,89309,77762,77726,77605,77605,77348
QMIC2102-12S,40913,35706,35692,35496,35496,35270
QMIC2105-12S,66005,57074,57050,56947,56947,56142
QMIC2106-12S,283,154,152,145,145,135
QMIC2108-12S,69380,60981,60945,60844,60844,53886
QMIC2109-12S,89285,78080,78054,77921,77921,77219
QMIC2115-12S,50628,43120,43102,43022,43022,41379
QMIC2116-12S,70921,60797,60765,60421,60421,59768
QMIC2117-12S,74026,65040,65008,64492,64492,59149
QMIC2118-12S,109604,94186,94125,93969,93969,92875
QMIC2119-12S,89414,77462,77430,77329,77329,75760
QMIC2125-12S,703,441,439,402,402,383
QMIC2126-12S,793,612,610,339,339,332
QMIC2127-12S,56264,48551,48518,48425,48425,48100
QMIC2128-12S,115981,99226,99165,99024,99024,97806
QMIC2129-12S,73244,62983,62935,62723,62723,61463
QMIC2135-12S,800,625,622,468,468,458
QMIC2136-12S,740,513,508,470,470,406
QMIC2137-12S,50028,43092,43081,43024,43024,42529
QMIC2138-12S,53203,45231,45202,45104,45104,42257
QMIC2139-12S,71170,61033,61015,60879,60879,60386
QMIC2145-12S,132293,114633,114544,114388,114388,98420
QMIC2146-12S,71419,60857,60824,60708,60708,60406
QMIC2147-12S,102522,89310,89270,88961,88961,88420
QMIC2148-12S,60351,52034,52020,51654,51654,51316
QMIC2149-12S,85426,73662,73598,73116,73116,50581
QMIC2155-12S,86898,76126,76089,75972,75972,74318
QMIC2156-12S,562,441,440,417,417,397
QMIC2157-12S,34085,29044,29026,28728,28728,27472
QMIC2158-12S,64612,56837,56809,56674,56674,55619
QMIC2159-12S,74130,65568,65539,65421,65421,65095
QMIC2160-12S,41769,37120,37110,37059,37059,36828
QMIC2162-12S,4076,3448,3439,2668,2668,344
QMIC2163-12S,98962,87728,87694,87596,87596,87141
QMIC2165-12S,1717,1498,1492,497,497,454
QMIC2166-12S,43839,38237,38227,38183,38183,36152
QMIC2168-12S,402,321,321,319,319,309
QMIC2174-12S,300,234,233,229,229,224
QMIC2175-12S,627,502,501,470,470,441
QMIC2176-12S,90512,78261,78233,78114,78114,77727
QMIC2177-12S,128587,113638,113611,113424,113424,110477
QMIC2178-12S,233,165,161,140,140,130
QMIC2184-12S,771,655,652,411,411,359
QMIC2185-12S,97267,85754,85731,85546,85546,83832
QMIC2186-12S,149540,129474,129434,129256,129256,127273
QMIC2187-12S,101288,87416,87375,87240,87240,86724
QMIC2188-12S,114653,97883,97849,97714,97714,93121
QMIC2193-12S,79303,68763,68737,68608,68608,67807
QMIC2194-12S,49239,42920,42903,42832,42832,42268
QMIC2195-12S,107266,92778,92738,92586,92586,91873
QMIC2196-12S,27058,23975,23964,23903,23903,23776
QMIC2197-12S,106655,95088,95060,94852,94852,94356
QMIC2203-12S,142382,123235,123197,122979,122979,119756
QMIC2204-12S,61013,52501,52479,52391,52391,51907
QMIC2205-12S,168523,143116,143050,142867,142867,138079
QMIC2206-12S,74873,64609,64581,64506,64506,63900
QMIC2207-12S,133795,114321,114291,114128,114128,110561
QMIC2213-12S,664,487,484,480,480,461
QMIC2214-12S,1061,897,893,716,716,703
QMIC2215-12S,74974,65532,65502,65244,65244,64377
QMIC2216-12S,149033,127402,127359,127066,127066,125945
QMIC2217-12S,90176,78287,78253,78121,78121,62307
QMIC2223-12S,546,450,449,419,419,375
QMIC2224-12S,762,667,667,651,651,641
QMIC2225-12S,55392,47826,47809,47752,47752,47068
QMIC2226-12S,607,499,497,497,497,487
QMIC2227-12S,53828,46468,46452,46356,46356,45804
QMIC2233-12S,46327,40086,40081,39641,39641,39402
QMIC2234-12S,641,522,522,476,476,424
QMIC2235-12S,447,220,216,217,217,192
QMIC2236-12S,27361,23472,23462,23426,23426,20298
QMIC2237-12S,19386,16817,16809,16756,16756,16639
QMIC2243-12S,69517,59842,59827,59745,59745,59444
QMIC2244-12S,11300,9571,9568,9554,9554,9521
QMIC2245-12S,47172,41227,41206,41109,41109,40733
QMIC2246-12S,322,199,198,188,188,136
QMIC2247-12S,93447,81896,81871,81752,81752,80959
QMIC2253-12S,961,742,738,567,567,555
QMIC2254-12S,275,139,137,128,128,117
QMIC2255-12S,80273,69743,69705,69548,69548,68876
QMIC2256-12S,728,538,536,395,395,318
QMIC2257-12S,38779,34199,34189,34131,34131,33767
QMIC2263-12S,328,204,201,191,191,165
QMIC2264-12S,499,384,381,346,346,306
QMIC2265-12S,65955,57558,57529,57434,57434,54799
QMIC2266-12S,97395,84212,84175,84077,84077,83659
QMIC2267-12S,858,593,593,487,487,461
QMIC2274-12S,120050,103091,103041,102808,102808,101669
QMIC2275-12S,56433,48966,48949,48542,48542,48283
QMIC2276-12S,97866,83847,83805,83670,83670,82879
QMIC2277-12S,84507,73198,73172,73046,73046,71408
QMIC2278-12S,60132,52276,52259,52136,52136,51119
QMIC2284-12S,62772,53840,53822,53705,53705,52519
QMIC2285-12S,82135,70376,70348,70251,70251,69608
QMIC2286-12S,46360,39570,39542,39476,39476,34222
QMIC2287-12S,55793,47776,47756,47690,47690,47496
QMIC2288-12S,786,566,565,562,562,493
QMIC2294-12S,84963,73450,73426,73299,73299,72171
QMIC2295-12S,82724,71682,71661,71517,71517,70694
QMIC2296-12S,74038,63791,63771,63498,63498,63311
QMIC2297-12S,80069,68309,68289,68102,68102,67745
QMIC2298-12S,19081,16262,16253,16214,16214,16103
QMIC2310-12S,1013,784,782,406,406,401
QMIC2311-12S,68601,59342,59309,59050,59050,58275
QMIC2312-12S,75150,66362,66345,66184,66184,65167
QMIC2313-12S,47188,41571,41552,41483,41483,40951
QMIC2314-12S,23175,20374,20363,20268,20268,20177
QMIC2326-12S,63669,55799,55775,55528,55528,54896
QMIC2327-12S,49057,42208,42190,42004,42004,41711
QMIC2328-12S,97026,83188,83142,83031,83031,82261
QMIC2329-12S,84440,72484,72447,72352,72352,70929
QMIC2330-12S,43339,37425,37401,37325,37325,35518
QMIC2336-12S,61944,53741,53729,53608,53608,52699
QMIC2337-12S,86357,74657,74622,74509,74509,73334
QMIC2338-12S,106655,92686,92657,92550,92550,91492
QMIC2339-12S,76906,67269,67233,67144,67144,62549
QMIC2340-12S,67720,57354,57297,57219,57219,51196
QMIC2346-12S,78914,67539,67501,67380,67380,66528
QMIC2348-12S,115606,101134,101096,100882,100882,100300
QMIC2349-12S,64954,55878,55854,55781,55781,54528
QMIC2350-12S,48082,41847,41832,41757,41757,41540
QMIC2356-12S,82980,71171,71129,70998,70998,69901
QMIC2357-12S,80537,69702,69678,69570,69570,68176
QMIC2358-12S,67162,58519,58470,58375,58375,55291
QMIC2359-12S,79341,67522,67482,67420,67420,65347
QMIC2360-12S,73607,63457,63426,63338,63338,62361
QMIC2366-12S,86329,75914,75885,75748,75748,72798
QMIC2367-12S,57034,49588,49570,49476,49476,47635
QMIC2368-12S,79446,69568,69543,69428,69428,68793
QMIC2369-12S,93017,79379,79341,79241,79241,77955
QMIC2370-12S,97290,84795,84763,84654,84654,84062
QMIC2372-12S,94542,81675,81630,81487,81487,80347
QMIC2374-12S,75933,64354,64303,64221,64221,62818
QMIC2376-12S,1423,305,301,302,302,257
QMIC2378-12S,399,122,121,121,121,116
QMIC2380-12S,731,191,185,186,186,166
QMIC2386-12S,62099,53508,53478,53397,53397,50294
QMIC2387-12S,34620,29085,29067,29012,29012,28035
QMIC2388-12S,47881,40858,40838,40776,40776,40377
QMIC2389-12S,57876,48799,48764,48627,48627,47775
QMIC2390-12S,67290,57994,57962,57873,57873,56969
QMIC2396-12S,82274,69868,69818,69702,69702,67278
QMIC2397-12S,74775,65461,65440,65235,65235,63668
QMIC2398-12S,74854,64765,64716,64609,64609,63403
QMIC2399-12S,50865,44304,44295,44228,44228,43996
QMIC2400-12S,84565,72319,72292,72207,72207,71556
QMIC2406-12S,90932,76108,76045,75929,75929,8177
QMIC2407-12S,31009,25969,25926,25852,25852,7015
QMIC2408-12S,112904,92899,92822,92680,92680,40445
QMIC2409-12S,173158,131676,131613,131374,131374,107540
QMIC2410-12S,81483,67992,67935,67812,67812,50878
QMIC2416-12S,187892,162485,162279,162027,162027,62159
QMIC2417-12S,523,159,151,151,151,65
QMIC2418-12S,68633,58375,58327,57956,57956,21375
QMIC2419-12S,316569,269192,268985,268522,268522,127975
QMIC2420-12S,131804,110397,110333,109822,109822,91164
QMIC2426-12S,59689,49521,49472,49316,49316,21907
QMIC2427-12S,62074,51531,51481,51370,51370,23588
QMIC2428-12S,54287,44983,44931,44867,44867,23700
QMIC2429-12S,30485,26200,26173,26103,26103,3718
QMIC2430-12S,54802,47069,47032,46954,46954,32774
QMIC2436-12S,1792,1206,1198,1191,1191,125
QMIC2437-12S,159678,139951,139864,139616,139616,25000
QMIC2438-12S,112208,96862,96786,96611,96611,12424
QMIC2439-12S,95724,81839,81776,81659,81659,24330
QMIC2440-12S,123569,104583,104527,104328,104328,77996
QMIC2446-12S,116101,101466,101372,101175,101175,30893
QMIC2447-12S,112105,99429,99312,99142,99142,9323
QMIC2448-12S,161621,141101,140958,140728,140728,17451
QMIC2449-12S,115019,100138,100061,99894,99894,21551
QMIC2450-12S,113129,97543,97433,97272,97272,36927
QMIC2456-12S,160708,132923,132772,132446,132446,87449
QMIC2457-12S,97676,83454,83375,83149,83149,19220
QMIC2458-12S,96650,84437,84345,84206,84206,13533
QMIC2459-12S,69465,59847,59780,59706,59706,12803
QMIC2460-12S,68488,60068,60013,59908,59908,12721
QMIC2466-12S,120562,100405,100311,100143,100143,77388
QMIC2467-12S,100133,87208,87103,86928,86928,12101
QMIC2468-12S,77919,64977,64890,64777,64777,51353
QMIC2469-12S,154558,130902,130847,130607,130607,121860
QMIC2470-12S,173177,147640,147562,147301,147301,93940
QMIC2476-12S,144999,128371,128273,128065,128065,5066
QMIC2477-12S,109352,96768,96692,96534,96534,3948
QMIC2478-12S,124596,111681,111578,111125,111125,216
QMIC2479-12S,55075,48119,48088,47851,47851,20293
QMIC2480-12S,113871,98440,98373,98179,98179,57374
QMIC2486-12S,108532,91766,91682,91492,91492,13878
QMIC2487-12S,55663,48264,48224,48149,48149,328
QMIC2488-12S,97334,85112,85040,84889,84889,184
QMIC2489-12S,88775,75891,75840,75721,75721,14217
QMIC2490-12S,85639,74550,74506,74396,74396,34136
QMIC2497-12S,75800,67536,67474,67371,67371,3952
QMIC2498-12S,92055,77040,77004,76829,76829,25795
QMIC2499-12S,149359,127768,127629,127399,127399,21272
QMIC2500-12S,99801,84630,84525,84387,84387,37302
QMIC2508-12S,129306,112078,111954,111517,111517,12151
QMIC2509-12S,74025,63969,63898,63809,63809,21346
QMIC2510-12S,169943,147341,147203,146944,146944,56587
QMIC2519-12S,64472,53821,53782,52825,52825,22786
QMIC2520-12S,140193,113028,112982,112777,112777,108816
QMIC2528-12S,69878,62020,61985,61888,61888,54
QMIC2529-12S,137752,115671,115611,115331,115331,25542
QMIC2530-12S,77714,68020,67966,67851,67851,21870
QMIC2532-12S,269138,234238,234062,233685,233685,21056
QMIC2533-12S,94477,81991,81930,81727,81727,5800
QMIC2534-12S,142819,113662,113604,113267,113267,72755
QMIC2535-12S,98866,88488,88428,88256,88256,388
QMIC2536-12S,99088,86382,86294,85751,85751,13676
QMIC2537-12S,51461,45148,45111,45044,45044,7758
QMIC2546-12S,126977,104782,104733,104546,104546,66487
QMIC2547-12S,70215,60493,60458,60359,60359,31610
QMIC2556-12S,79065,66327,66280,66167,66167,22666
QMIC2557-12S,69789,60837,60802,60687,60687,11398
QMIC2563-12S,86357,70497,70429,70325,70325,40068
QMIC2566-12S,97683,82070,82023,81877,81877,57228
QMIC2567-12S,69198,59655,59607,59477,59477,27327
QMIC2583-12S,42493,37497,37454,37373,37373,1015
QMIC2585-12S,163730,144333,144228,144006,144006,1838
QMIC2586-12S,55041,45348,45325,45256,45256,37357
QMIC2587-12S,55551,48856,48836,48740,48740,3094
QMIC2595-12S,1961,1394,1386,1043,1043,954
QMIC2596-12S,109450,95680,95636,95501,95501,38033
QMIC2597-12S,60544,50065,50016,49899,49899,48268
QMIC2603-12S,110412,93607,93534,93394,93394,16578
QMIC2605-12S,82248,71066,70980,70762,70762,3685
QMIC2606-12S,97171,82929,82862,82716,82716,45213
QMIC2607-12S,53074,45259,45234,45159,45159,39823
QMIC2611-12S,79203,64529,64462,63787,63787,13209
QMIC2612-12S,90453,74311,74270,74150,74150,68855
QMIC2613-12S,82210,70056,70040,69929,69929,61737
QMIC2622-12S,71869,64511,64463,64353,64353,4963
QMIC2642-12S,134581,112027,111987,111800,111800,107915
QMIC2643-12S,82770,69495,69449,69342,69342,69039
QMIC2649-12S,16419,14398,14389,14362,14362,1033
QMIC2650-12S,299,82,79,80,80,51
QMIC2651-12S,181,55,53,54,54,27
QMIC2652-12S,23671,20011,20006,19974,19974,18471
QMIC2653-12S,235609,201996,201894,201584,201584,91414
QMIC2659-12S,115,33,32,33,33,11
QMIC2660-12S,112,42,41,41,41,8
QMIC2661-12S,46503,39494,39468,39404,39404,15920
QMIC2662-12S,33150,27841,27824,27789,27789,23765
QMIC2663-12S,452328,379966,379782,379211,379211,310162
QMIC2664-12S,103554,89186,89101,88979,88979,14537
QMIC2665-12S,45383,39508,39481,39428,39428,577
QMIC2666-12S,198668,173558,173422,173152,173152,31801
QMIC2667-12S,50259,44885,44852,44785,44785,418
QMIC2668-12S,37898,33186,33157,33118,33118,13695
QMIC2674-12S,18462,15924,15913,15889,15889,2717
QMIC2675-12S,2771,1893,1890,1881,1881,1445
QMIC2676-12S,1536,958,957,926,926,843
QMIC2677-12S,102707,89393,89316,89158,89158,3967
QMIC2678-12S,115282,97026,96966,96814,96814,43841
QMIC2694-12S,212,46,45,45,45,18
QMIC2695-12S,263,72,69,67,67,18
QMIC2696-12S,41106,34609,34584,34072,34072,31928
QMIC2697-12S,12275,10127,10117,10094,10094,8956
QMIC2698-12S,45797,38080,38066,38019,38019,37824
QMIC2704-12S,28581,23670,23655,23538,23538,9605
QMIC2705-12S,5791,4786,4782,4771,4771,4401
QMIC2706-12S,126399,105864,105818,105248,105248,65484
QMIC2707-12S,4972,4117,4117,4115,4115,3503
QMIC2724-12S,617,424,424,423,423,402
QMIC2725-12S,29565,24912,24901,24869,24869,24776
QMIC2726-12S,30516,25750,25733,25581,25581,13865
QMIC2727-12S,82121,68366,68345,68249,68249,67965
QMIC2735-12S,10315,8589,8580,8567,8567,3569
QMIC2736-12S,264867,236030,235855,235470,235470,14074
QMIC2737-12S,74489,65654,65619,65524,65524,13141
QMIC2746-12S,62455,53329,53296,53212,53212,23820
QMIC2747-12S,7446,6242,6240,6229,6229,2423
QMIC2764-12S,454,306,306,307,307,276
QMIC2765-12S,508480,440346,440054,439333,439333,75020
QMIC2766-12S,53366,43760,43735,43648,43648,43455
QMIC2767-12S,103600,85931,85876,85715,85715,65958
QMIC2783-12S,49186,41488,41417,41345,41345,5117
QMIC2784-12S,188985,166264,166143,165906,165906,653
QMIC2785-12S,1061,614,611,596,596,338
QMIC2786-12S,60694,50427,50381,50294,50294,47659
QMIC2787-12S,70630,59862,59837,59749,59749,56439
QMIC2796-12S,297691,248949,248857,248465,248465,246808
QMIC2797-12S,126261,106811,106776,106627,106627,104882
QMIC2806-12S,172851,151954,151865,151622,151622,8695
QMIC2807-12S,97642,82666,82626,82497,82497,61039
QMIC2813-12S,60153,52422,52371,52286,52286,1268
QMIC2816-12S,15672,12544,12535,12515,12515,12432
QMIC2817-12S,32267,27506,27491,27452,27452,27317
QMIC2823-12S,47649,39894,39868,39632,39632,28794
QMIC2825-12S,21776,16843,16831,16808,16808,13339
QMIC2826-12S,37336,28463,28453,28397,28397,28331
QMIC2827-12S,31967,26616,26596,26551,26551,22433
QMIC2845-12S,132898,108827,108736,107454,107454,106962
QMIC2846-12S,46821,40052,40025,39972,39972,25359
QMIC2847-12S,67100,55565,55538,55405,55405,53104
QMIC2853-12S,25595,21932,21901,21866,21866,21391
QMIC2854-12S,49928,40568,40543,39927,39927,39687
QMIC2855-12S,41564,30293,30271,29965,29965,29588
QMIC2863-12S,140543,114666,114606,114353,114353,100085
QMIC2864-12S,59225,48387,48364,48140,48140,47998
QMIC2865-12S,53785,39884,39855,39561,39561,39477
QMIC2866-12S,350,104,104,104,104,60
QMIC2867-12S,87939,73540,73491,73379,73379,72688
QMIC2883-12S,27716,23984,23969,23867,23867,10689
QMIC2884-12S,49130,41678,41639,41539,41539,14810
QMIC2885-12S,46393,39056,39027,38891,38891,21540
QMIC2886-12S,42673,34790,34756,34672,34672,14209
QMIC2887-12S,138173,116654,116566,116373,116373,74668
QMIC2893-12S,88519,74005,73923,73786,73786,38018
QMIC2894-12S,62037,49221,49155,48763,48763,36108
QMIC2895-12S,127965,110634,110506,110280,110280,39566
QMIC2897-12S,144021,117982,117896,117646,117646,116164
QMIC2903-12S,219160,200637,200498,200042,200042,7755
QMIC2904-12S,65804,53141,53094,52801,52801,35083
QMIC2905-12S,113613,97208,97145,96960,96960,41666
QMIC2906-12S,85514,73430,73368,73218,73218,23320
QMIC2907-12S,108104,93500,93410,93216,93216,32809
QMIC2913-12S,159037,136956,136786,136554,136554,20400
QMIC3311,217666,179648,179268,125064,125064,122480
QMIC3312,73393,61221,61171,57125,57125,54723
QMIC3313,59187,47110,47060,45350,45350,37368
QMIC3314,100371,82036,81952,73627,73627,69649
QMIC3315,96344,76473,76404,75311,75311,67134
QMIC3316,141725,116458,116389,112852,112852,86658
QMIC3317,1162,166,162,150,150,116
QMIC3318,1298,278,265,256,256,212
QMIC3319,206315,168355,168162,158124,158124,155112
QMIC3320,167349,141613,141531,138442,138442,103138
QMIC3321,150923,122743,122591,113733,113733,111053
QMIC3322,271243,224585,224486,219907,219907,191723
QMIC3370,251096,203280,203145,196416,196416,175554
QMIC3371,88431,74064,74030,73730,73730,72005
QMIC3372,115681,94971,94896,92315,92315,76402
QMIC3373,354645,296306,296112,279092,279092,276578
QMIC3374,276035,226255,226054,204016,204016,186608
QMIC3397,228460,192404,192094,183536,183536,173506
QMIC3398,315718,256934,256747,256233,256233,253084
QMIC3399,238486,199592,199489,198967,198967,195278
QMIC3401,185205,150014,149945,149597,149597,124966
QMIC3402,150761,126470,126411,125978,125978,109443
QMIC3403,650,105,94,86,86,74
QMIC3404,192941,159400,159311,158795,158795,153729
QMIC3405,116571,94618,94440,86037,86037,76128
QMIC3406,57163,46232,46185,43427,43427,39192
QMIC3407,132343,108293,108211,101050,101050,98400
QMIC3408,115303,83908,83831,81999,81999,79393
QMIC3409,252984,207116,206939,189182,189182,182798
QMIC3410,152953,123876,123728,105097,105097,100970
QMIC3411,283398,239142,238989,230011,230011,215640
QMIC3412,293183,238268,238119,235543,235543,204728
QMIC3413,145546,122576,122386,109403,109403,43006
QMIC3426,1396,298,283,269,269,210
QMIC3427,190796,160087,160031,158829,158829,154271
QMIC3428,291201,244442,244282,236181,236181,217945
QMIC3429,304192,256348,256135,234000,234000,217827
QMIC3430,474696,399288,399029,389569,389569,343419
QMIC3431,246687,206533,206429,204149,204149,195189
QMIC3432,744,172,158,148,148,116
QMIC3433,462993,380124,379958,379250,379250,374652
QMIC3434,227463,187572,187388,180865,180865,113934
QMIC3435,127638,107056,106946,92846,92846,92189
QMIC3436,207698,170191,170110,169289,169289,146741
QMIC3437,74101,62123,62029,53929,53929,35022
QMIC3444,106665,86180,86109,78008,78008,75944
QMIC3445,492,105,100,91,91,73
QMIC3447,129512,105892,105845,105617,105617,103203
QMIC3448,2862,502,482,469,469,398
QMIC3449,297454,241610,241230,240032,240032,234904
QMIC3452,252977,214143,214061,213396,213396,210682
QMIC3453,339944,277220,277043,276227,276227,267180
QMIC3454,261965,214496,214389,212845,212845,209316
QMIC3455,169802,135278,135144,132830,132830,129967
QMIC3460,111361,90599,90517,88593,88593,84055
QMIC3461,180501,143957,143729,140801,140801,136864
QMIC3462,212850,174814,174679,169536,169536,134540
QMIC3463,114751,92906,92853,91547,91547,90381
QMIC3464,94059,79757,79711,79278,79278,77976
QMIC4646,1196,273,269,268,268,243
QMIC4647,181062,150977,150911,150596,150596,147520
QMIC4648,141292,114424,114338,114038,114038,82562
QMIC4649,139451,115356,115314,114985,114985,112143
QMIC4650,130391,107061,107004,106779,106779,102168
QMIC4651,980,179,175,163,163,128
QMIC4652,100097,81769,81735,81535,81535,79329
QMIC4653,124281,105772,105735,105311,105311,100524
QMIC4654,148369,122618,122575,122286,122286,115897
QMIC4655,367744,306807,306317,267260,267260,231596
QMIC4885,370840,307787,307559,299477,299477,293140
QMIC4904,38914,30168,29978,157,157,42
QMIC4906,64572,53685,53458,40645,40645,40357
QMIC4907,78389,62446,62305,50594,50594,50409
QMIC4909,28841,23449,23271,35,35,26
QMIC4911,48042,39855,39665,13255,13255,13212
QMIC4915,31107,21442,21210,35,35,28
QMIC4917,47300,38270,37984,6045,6045,30
QMIC4919,122265,101487,101390,94015,94015,92947
Spring-EC-05-07,938,745,744,745,745,493
Spring-EC-10-07,7223,6240,6229,4197,4197,4029
Spring-EC-11-07,6079,5388,5384,5100,5100,4977
Spring-EC-12-07,6848,6028,6023,5793,5793,5307
Spring-EC-28-06,124811,96891,96849,96008,96008,74394
Spring-PCR1-spring-control,318,58,53,53,53,29
Spring-PCR1-spring-control-2,7039,6107,6105,6089,6089,5889
Spring-field-C-Bute-spring,4963,4282,4278,3547,3547,3321
Spring-field-C-RI-spring,815,673,672,670,670,644
Spring-field-C-toba-spring,7310,6402,6398,5764,5764,5608
Winter-EC-2,92,36,36,37,37,34
Winter-EC-09-02,79,48,48,37,37,35
Winter-EC-09-02-2,41,14,14,15,15,12
Winter-EC-09-02-3,167,54,53,50,50,40
Winter-EC-18-04,83,20,19,18,18,15
Winter-EC-19-04,6021,4869,4869,4850,4850,4825
Winter-EC-20-04,71,30,29,30,30,28
Winter-EC-21-04,128848,105418,105291,105086,105086,104251
Winter-PCR-control1,16425,12609,12583,12512,12512,12443
Winter-PCR-control2,893,58,50,49,49,37
Winter-fieldC-01-02,5205,4153,4141,2940,2940,2927
Winter-fieldC-15-02,41,13,13,11,11,9
Winter-fieldC-31-01,260,104,103,103,103,83
